<?xml version="1.0" encoding="UTF-8"?>
<install method="install" version="1.0.0">
 <moduleName>Search yellow page</moduleName>
 <moduleFolderName>search_yellow_page</moduleFolderName>
 <author>Pronab Saha</author>
 <creationDate>October 6,2013</creationDate>
 <authorEmail>pranab.su@gmail.com</authorEmail>
 <authorContact>+8801711982980</authorContact>
 <copyright>Copyright Software Development Pro(C) 2013</copyright>
 <license>Software Development Pro</license>
 <module name="Search yellow page">
  <sub name="YP search" controller="ypsearch" function="index"/>
 </module>
</install>
